{"1": {"2": {"score": 1.0987203289967222, "entry_exit_pair": [13, 2], "time_pair": [28.93333333333333, 29.933333333333337, 28.400000000000002, 30.0, 34.0, 29.0, 28.599999999999994, 29.39999999999999, 27.19999999999999, 28.799999999999997, 29.73333333333332, 30.86666666666666, 28.866666666666674, 33.53333333333333, 28.200000000000003, 31.0, 28.200000000000003, 25.799999999999983, 31.66666666666667, 28.933333333333337, 23.933333333333337, 32.53333333333333, 32.46666666666664, 30.599999999999994, 29.399999999999977, 37.599999999999994, 26.599999999999994, 40.26666666666668, 30.400000000000006, 28.53333333333333, 32.599999999999994, 27.80000000000001, 30.333333333333314, 28.0, 27.200000000000017, 30.133333333333326, 33.26666666666668, 39.93333333333334, 40.46666666666667, 32.0, 35.26666666666668, 37.66666666666666, 29.0, 28.933333333333337, 37.06666666666666, 27.666666666666686, 34.133333333333326, 31.399999999999977, 34.80000000000001, 30.0, 28.133333333333326, 35.0, 29.466666666666697, 33.26666666666665, 26.933333333333337, 25.200000000000045, 29.06666666666672, 30.466666666666697, 28.866666666666674, 27.866666666666674, 30.133333333333326, 26.466666666666697, 402.0, 25.933333333333337, 32.133333333333326, 28.19999999999999, 35.33333333333337, 37.799999999999955, 36.66666666666663, 34.866666666666674, 31.933333333333337, 32.80000000000001, 25.73333333333335, 32.93333333333334, 29.933333333333337, 28.533333333333303, 26.0, 28.26666666666665, 24.80000000000001, 25.26666666666665, 27.466666666666697, 29.933333333333337, 29.200000000000045, 27.93333333333328, 27.799999999999955, 27.33333333333337, 29.533333333333303, 28.399999999999977, 25.266666666666765, 33.066666666666606, 25.399999999999977, 29.133333333333326, 29.66666666666663, 30.399999999999977, 26.066666666666606, 35.799999999999955, 24.06666666666667, 23.33333333333333, 24.333333333333336, 28.13333333333334, 28.666666666666664, 28.799999999999997, 36.800000000000004, 34.0, 31.66666666666667, 31.066666666666663, 32.46666666666667, 30.866666666666674, 27.333333333333343, 26.866666666666674, 28.066666666666663, 29.66666666666667, 33.133333333333326, 25.19999999999999, 27.400000000000006, 31.066666666666663, 32.46666666666667, 32.33333333333334, 37.866666666666646, 33.19999999999999, 29.666666666666657, 31.933333333333337, 27.73333333333335, 124.73333333333332, 28.73333333333329, 28.19999999999999, 28.333333333333314, 26.200000000000045, 25.466666666666697, 35.80000000000001, 34.333333333333314, 37.599999999999966, 32.53333333333336, 29.666666666666686, 27.866666666666674, 31.26666666666671, 29.066666666666663, 24.666666666666686, 27.200000000000045, 28.066666666666663, 28.80000000000001, 33.0, 28.46666666666664, 30.0, 25.80000000000001, 29.19999999999999, 31.866666666666674, 27.600000000000023, 33.66666666666663, 31.26666666666671, 30.600000000000023, 224.26666666666665, 24.933333333333337, 30.333333333333314, 22.466666666666697, 33.06666666666666, 22.533333333333303, 25.0, 24.73333333333329, 32.53333333333336, 30.600000000000023, 24.73333333333335, 27.73333333333335, 34.933333333333394, 28.73333333333329, 26.599999999999966, 29.000000000000057, 30.799999999999955, 28.26666666666665, 531.8666666666667, 29.93333333333328, 24.466666666666697, 26.466666666666697]}}, "2": {"1": {"score": 0.7953771820393185, "entry_exit_pair": [7, 5], "time_pair": [28.93333333333333, 29.933333333333337, 28.400000000000002, 30.0, 34.0, 29.0, 28.599999999999994, 29.39999999999999, 27.19999999999999, 28.799999999999997, 29.73333333333332, 30.86666666666666, 28.866666666666674, 33.53333333333333, 28.200000000000003, 31.0, 28.200000000000003, 25.799999999999983, 31.66666666666667, 28.933333333333337, 23.933333333333337, 32.53333333333333, 32.46666666666664, 30.599999999999994, 29.399999999999977, 37.599999999999994, 26.599999999999994, 40.26666666666668, 30.400000000000006, 28.53333333333333, 32.599999999999994, 27.80000000000001, 30.333333333333314, 28.0, 27.200000000000017, 30.133333333333326, 33.26666666666668, 39.93333333333334, 40.46666666666667, 32.0, 35.26666666666668, 37.66666666666666, 29.0, 28.933333333333337, 37.06666666666666, 27.666666666666686, 34.133333333333326, 31.399999999999977, 34.80000000000001, 30.0, 28.133333333333326, 35.0, 29.466666666666697, 33.26666666666665, 26.933333333333337, 25.200000000000045, 29.06666666666672, 30.466666666666697, 28.866666666666674, 27.866666666666674, 30.133333333333326, 26.466666666666697, 402.0, 25.933333333333337, 32.133333333333326, 28.19999999999999, 35.33333333333337, 37.799999999999955, 36.66666666666663, 34.866666666666674, 31.933333333333337, 32.80000000000001, 25.73333333333335, 32.93333333333334, 29.933333333333337, 28.533333333333303, 26.0, 28.26666666666665, 24.80000000000001, 25.26666666666665, 27.466666666666697, 29.933333333333337, 29.200000000000045, 27.93333333333328, 27.799999999999955, 27.33333333333337, 29.533333333333303, 28.399999999999977, 25.266666666666765, 33.066666666666606, 25.399999999999977, 29.133333333333326, 29.66666666666663, 30.399999999999977, 26.066666666666606, 35.799999999999955, 24.06666666666667, 23.33333333333333, 24.333333333333336, 28.13333333333334, 28.666666666666664, 28.799999999999997, 36.800000000000004, 34.0, 31.66666666666667, 31.066666666666663, 32.46666666666667, 30.866666666666674, 27.333333333333343, 26.866666666666674, 28.066666666666663, 29.66666666666667, 33.133333333333326, 25.19999999999999, 27.400000000000006, 31.066666666666663, 32.46666666666667, 32.33333333333334, 37.866666666666646, 33.19999999999999, 29.666666666666657, 31.933333333333337, 27.73333333333335, 124.73333333333332, 28.73333333333329, 28.19999999999999, 28.333333333333314, 26.200000000000045, 25.466666666666697, 35.80000000000001, 34.333333333333314, 37.599999999999966, 32.53333333333336, 29.666666666666686, 27.866666666666674, 31.26666666666671, 29.066666666666663, 24.666666666666686, 27.200000000000045, 28.066666666666663, 28.80000000000001, 33.0, 28.46666666666664, 30.0, 25.80000000000001, 29.19999999999999, 31.866666666666674, 27.600000000000023, 33.66666666666663, 31.26666666666671, 30.600000000000023, 224.26666666666665, 24.933333333333337, 30.333333333333314, 22.466666666666697, 33.06666666666666, 22.533333333333303, 25.0, 24.73333333333329, 32.53333333333336, 30.600000000000023, 24.73333333333335, 27.73333333333335, 34.933333333333394, 28.73333333333329, 26.599999999999966, 29.000000000000057, 30.799999999999955, 28.26666666666665, 531.8666666666667, 29.93333333333328, 24.466666666666697, 26.466666666666697]}, "3": {"score": -0.3193446297282374, "entry_exit_pair": [10, 7],