{"1_to_2": [24.066666666666666, 24.333333333333332, 23.333333333333332, 25.133333333333333, 28.133333333333333, 28.666666666666668, 28.8, 36.8, 34.0, 38.86666666666667, 31.666666666666668, 31.066666666666666, 32.46666666666667, 30.866666666666667, 27.333333333333332, 26.866666666666667, 27.333333333333332, 28.066666666666666, 29.666666666666668, 33.13333333333333, 124.73333333333333, 25.2, 27.4, 31.066666666666666, 32.333333333333336, 37.86666666666667, 33.2, 31.933333333333334, 29.666666666666668, 34.8, 28.733333333333334, 28.2, 28.333333333333332, 26.2, 25.733333333333334, 35.8, 25.466666666666665, 37.6, 34.333333333333336, 32.53333333333333, 29.666666666666668, 31.266666666666666, 27.866666666666667, 29.066666666666666, 24.666666666666668, 27.2, 28.066666666666666, 33.0, 28.8, 28.466666666666665, 30.0, 25.8, 29.2, 31.866666666666667, 33.666666666666664, 37.6, 31.266666666666666, 27.6, 30.6, 25.266666666666666, 24.933333333333334, 30.333333333333332, 33.06666666666667, 22.466666666666665, 22.533333333333335, 25.0, 26.266666666666666, 32.53333333333333, 30.6, 24.733333333333334, 34.93333333333333, 27.733333333333334, 28.733333333333334, 29.0, 26.6, 30.8, 28.266666666666666, 32.06666666666667, 29.933333333333334, 24.466666666666665, 26.466666666666665], "2_to_1": [32.8, 34.06666666666667, 27.266666666666666, 28.933333333333334, 29.933333333333334, 28.4, 30.0, 34.0, 29.0, 28.6, 29.4, 28.8, 27.2, 29.733333333333334, 30.866666666666667, 33.53333333333333, 28.866666666666667, 31.0, 28.2, 28.2, 25.8, 31.666666666666668, 28.933333333333334, 32.53333333333333, 23.933333333333334, 32.46666666666667, 30.6, 34.53333333333333, 37.6, 40.266666666666666, 29.4, 26.6, 30.4, 28.533333333333335, 32.6, 27.8, 30.333333333333332, 28.0, 27.2, 39.93333333333333, 30.133333333333333, 40.46666666666667, 33.266666666666666, 35.266666666666666, 37.666666666666664, 32.0, 29.0, 37.06666666666667, 28.933333333333334, 34.13333333333333, 34.8, 27.666666666666668, 31.4, 30.0, 35.0, 28.133333333333333, 29.466666666666665, 33.266666666666666, 26.933333333333334, 29.066666666666666, 25.2, 30.466666666666665, 28.866666666666667, 27.866666666666667, 30.133333333333333, 32.13333333333333, 25.933333333333334, 28.2, 37.8, 35.333333333333336, 36.666666666666664, 34.86666666666667, 31.933333333333334, 25.733333333333334, 32.93333333333333, 29.933333333333334, 28.533333333333335, 26.0, 28.266666666666666, 24.8, 25.266666666666666, 27.466666666666665, 29.933333333333334, 29.2, 27.933333333333334, 27.8, 27.333333333333332, 29.533333333333335, 28.4, 25.266666666666666, 33.06666666666667, 25.4, 29.133333333333333, 29.666666666666668, 35.8, 30.4, 8.2], "2_to_3": [44.46666666666667, 44.8, 48.266666666666666, 355.6666666666667, 47.2, 53.4, 55.86666666666667, 45.666666666666664, 48.8, 50.0, 50.4, 46.666666666666664, 56.8, 21.666666666666668, 40.46666666666667, 49.13333333333333, 49.86666666666667, 50.333333333333336, 48.6, 45.8, 58.333333333333336, 46.06666666666667, 47.93333333333333, 48.266666666666666, 42.06666666666667, 46.06666666666667, 49.8, 44.666666666666664, 51.13333333333333, 51.13333333333333, 51.93333333333333, 48.8, 48.06666666666667, 44.666666666666664, 45.0, 129.93333333333334, 45.46666666666667, 40.333333333333336, 43.86666666666667, 50.06666666666667, 43.6, 47.0, 46.13333333333333, 44.46666666666667, 44.266666666666666, 44.2, 39.53333333333333, 37.53333333333333, 42.0, 42.4, 51.333333333333336, 41.266666666666666, 54.8, 45.8, 42.6, 44.13333333333333, 44.8, 47.13333333333333, 68.8, 60.666666666666664, 55.666666666666664, 51.53333333333333, 44.2, 35.666666666666664, 49.6, 42.06666666666667, 45.13333333333333, 47.8, 50.53333333333333, 54.13333333333333, 45.4, 48.2, 51.13333333333333, 54.13333333333333, 49.666666666666664, 47.666666666666664, 45.13333333333333, 46.0, 48.333333333333336, 44.733333333333334], "3_to_2": [46.06666666666667, 47.86666666666667, 45.13333333333333, 41.266666666666666, 47.666666666666664, 49.2, 46.733333333333334, 47.6, 49.733333333333334, 45.266666666666666, 48.8, 59.93333333333333, 63.266666666666666, 48.93333333333333, 51.6, 44.2, 49.6, 48.2, 43.666666666666664, 58.2, 51.8, 46.93333333333333, 52.86666666666667, 43.06666666666667, 60.266666666666666, 61.8, 47.06666666666667, 51.0, 42.4, 51.13333333333333, 51.4, 48.666666666666664, 55.53333333333333, 48.333333333333336, 51.6, 60.266666666666666, 46.4, 51.333333333333336, 39.733333333333334, 44.333333333333336, 47.2, 53.0, 47.46666666666667, 47.4, 48.2, 37.266666666666666, 44.333333333333336, 39.733333333333334, 44.8, 43.86666666666667, 44.666666666666664, 52.86666666666667, 43.8, 49.266666666666666, 60.0, 50.733333333333334, 48.333333333333336, 50.06666666666667, 57.93333333333333, 59.13333333333333, 56.13333333333333, 56.266666666666666, 48.266666666666666, 54.666666666666664, 54.333333333333336, 57.0, 46.6, 50.733333333333334, 40.93333333333333, 51.46666666666667, 57.06666666666667, 46.06666666666667, 45.06666666666667, 51.6, 44.0, 46.2], "3_to_4": [35.0, 34.4, 52.06666666666667, 39.86666666666667, 49.86666666666667, 45.06666666666667, 159.4, 35.666666666666664, 35.733333333333334, 63.0, 63.53333333333333, 55.53333333333333, 45.06666666666667, 38.53333333333333, 42.53333333333333, 41.4, 41.13333333333333, 58.266666666666666, 57.6, 39.333333333333336, 39.733333333333334, 36.46666666666667, 52.53333333333333, 52.2, 51.13333333333333, 51.733333333333334, 45.13333333333333, 35.666666666666664, 37.06666666666667, 32.4, 35.8, 52.333333333333336, 52.8, 53.266666666666666, 53.53333333333333, 52.666666666666664, 50.46666666666667, 53.06666666666667, 32.2, 33.266666666666666, 33.266666666666666, 62.8, 48.53333333333333, 43.53333333333333, 40.0, 42.333333333333336, 33.333333333333336, 34.2, 37.2, 44.13333333333333, 34.6, 46.13333333333333, 35.93333333333333, 52.46666666666667, 39.266666666666666, 39.333333333333336, 39.8, 36.733333333333334, 44.2, 40.86666666666667, 37.86666666666667, 40.666666666666664, 40.0, 39.13333333333333, 38.06666666666667, 40.46666666666667, 41.13333333333333, 65.73333333333333, 46.733333333333334, 37.46666666666667, 39.8, 36.4, 33.46666666666667, 42.86666666666667, 33.13333333333333, 39.8, 39.53333333333333, 39.4, 43.0, 63.0, 38.8, 36.4, 38.4, 37.4], "4_to_3": [48.6, 42.46666666666667, 44.46666666666667, 49.06666666666667, 42.93333333333333, 43.53333333333333, 36.93333333333333, 40.2, 38.266666666666666, 43.06666666666667, 40.6, 43.4, 40.53333333333333, 40.333333333333336, 39.86666666666667, 39.8, 63.8, 41.2, 57.6, 66.66666666666667, 38.06666666666667, 41.333333333333336, 41.86666666666667, 39.6, 49.666666666666664, 48.4, 42.0, 42.666666666666664, 51.86666666666667, 120.13333333333334, 44.46666666666667, 40.333333333333336, 54.6, 48.8, 38.93333333333333, 36.666666666666664, 35.733333333333334, 40.53333333333333, 40.333333333333336, 40.46666666666667, 46.06666666666667, 40.333333333333336, 67.8, 35.86666666666667, 40.6, 47.06666666666667, 43.4, 40.733333333333334, 39.266666666666666, 44.266666666666666, 41.93333333333333, 68.73333333333333, 45.2, 38.666666666666664, 40.266666666666666, 37.46666666666667, 34.0, 39.733333333333334, 42.266666666666666, 38.86666666666667, 48.13333333333333, 40.2, 39.4, 40.8, 42.2, 39.86666666666667, 37.266666666666666, 41.266666666666666, 55.2, 37.8, 37.8, 35.6, 40.93333333333333, 43.93333333333333, 43.86666666666667, 44.333333333333336, 37.8, 42.06666666666667, 36.93333333333333, 40.46666666666667, 43.6, 52.6, 42.53333333333333, 35.46666666666667, 64.6, 61.93333333333333, 64.66666666666667, 60.8, 47.8, 39.06666666666667, 41.93333333333333, 37.93333333333333, 39.86666666666667, 36.4, 39.86666666666667, 42.2, 42.8, 39.733333333333334, 38.266666666666666, 41.8, 35.86666666666667, 40.6, 40.733333333333334, 42.0, 41.4]}